{
  "models": [
    {
      "name": "xgboost",
      "version": "20260325070705",
      "artifact_path": "C:\\Users\\rithv\\WORK\\PES\\6th Semester\\GenAI\\Miniproject\\loan_advisory_system\\artifacts\\models\\xgboost_20260325070705.joblib",
      "metrics": {
        "accuracy": 0.925,
        "precision": 0.8813559322033898,
        "recall": 0.8666666666666667,
        "f1_score": 0.8739495798319328,
        "roc_auc": 0.981547619047619,
        "fairness": {
          "Sex": {
            "demographic_parity_difference": 0.07847127996381725,
            "equal_opportunity_difference": 0.013879709187045605
          },
          "age_group": {
            "demographic_parity_difference": 0.11915472329741605,
            "equal_opportunity_difference": 0.1160714285714286
          }
        }
      },
      "rank": 1,
      "registered_at": "2026-03-25T07:07:05.636919+00:00"
    }
  ]
}