{
  "model_name": "xgboost",
  "version": "20260404180031",
  "best_params": {
    "classifier__learning_rate": 0.08,
    "classifier__max_depth": 3,
    "classifier__n_estimators": 150
  },
  "cv_best_score": 0.9853422619047618,
  "metrics": {
    "accuracy": 0.925,
    "precision": 0.8813559322033898,
    "recall": 0.8666666666666667,
    "f1_score": 0.8739495798319328,
    "roc_auc": 0.981547619047619,
    "fairness": {
      "Sex": {
        "demographic_parity_difference": 0.07847127996381725,
        "equal_opportunity_difference": 0.013879709187045605
      },
      "age_group": {
        "demographic_parity_difference": 0.11915472329741605,
        "equal_opportunity_difference": 0.1160714285714286
      }
    }
  }
}